{
  "gmm": {
    "bic_1_component": 1381.9793490380314,
    "bic_2_components": 311.7399026889169,
    "bic_3_components": -85.66768918498289,
    "best_n_components": 3,
    "gmm2_means": [
      0.33521731207249233,
      0.8136275092449844
    ],
    "gmm2_weights": [
      0.6029982188302325,
      0.3970017811697674
    ],
    "gmm2_variances": [
      0.021481420956330047,
      0.020205788129140055
    ]
  },
  "bimodal_evidence": "GMM suggests bimodal (2-comp BIC < 1-comp BIC)",
  "descriptive": {
    "mean": 0.525147012479751,
    "std": 0.275254440065505,
    "median": 0.4873802661895752,
    "skewness": 0.23242723163997256,
    "kurtosis": -1.1890647640914518,
    "q25": 0.2883719205856323,
    "q75": 0.7706127166748047
  },
  "summary": {
    "overall_acceptance_rate": 0.21208687440982057,
    "per_position_rates": {
      "0": 0.546742209631728,
      "1": 0.26912181303116145,
      "2": 0.1369216241737488,
      "3": 0.07176581680830972,
      "4": 0.03588290840415486
    },
    "mean_confidence": 0.525147012479751,
    "num_prompts": 50,
    "num_tokens_evaluated": 5295
  }
}