{
  "config": {
    "hidden_size": 4096,
    "vocab_size": 151936,
    "num_heads": 5,
    "num_layers": 1,
    "batch_size": 16,
    "gradient_accumulation_steps": 4,
    "lr_resblock": 0.001,
    "lr_lm_head": 1e-05,
    "num_epochs": 3,
    "freeze_lm_head": false
  },
  "epochs": [
    {
      "epoch": 1,
      "train_loss": 15.022494997447108,
      "val_loss": 15.80439228009603,
      "train_accs": [
        0.7649760383386581,
        0.014679960339319158,
        0.017626969262972348,
        0.017296463589291617,
        0.019327696375454444
      ],
      "val_accs": [
        0.7872480937078887,
        0.016945806101841085,
        0.020404411764705883,
        0.019083605665299628,
        0.027410130718954248
      ]
    },
    {
      "epoch": 2,
      "train_loss": 12.531353354414641,
      "val_loss": 12.076490044847034,
      "train_accs": [
        0.7839732290404319,
        0.036858268150269914,
        0.018563402005067755,
        0.017978131541258126,
        0.01801255921559987
      ],
      "val_accs": [
        0.8092047930542939,
        0.05977668845478226,
        0.023366013071895425,
        0.019900599129351916,
        0.026838235294117645
      ]
    },
    {
      "epoch": 3,
      "train_loss": 9.248168080733238,
      "val_loss": 9.665606446052884,
      "train_accs": [
        0.8085683595901729,
        0.12084113693951747,
        0.04233915390547538,
        0.029952076677316294,
        0.025070232455657156
      ],
      "val_accs": [
        0.813534858413771,
        0.1294458061018411,
        0.039767156862745096,
        0.028172657952881326,
        0.028676470588235293
      ]
    }
  ]
}