{
  "dahd_vs_eagle3": {
    "mean_diff": -7.188386754805873,
    "std_diff": 6.615784079754512,
    "ci_lower": -9.19395064112789,
    "ci_upper": -5.451821750379562,
    "p_value": 1.0,
    "win_rate": 0.04,
    "win_rate_ci": [
      0.011038652660826577,
      0.13460337877954667
    ],
    "n_prompts": 50,
    "n_bootstrap": 5000
  },
  "dahd_vs_parallel": {
    "mean_diff": 3.3818848745663597,
    "std_diff": 4.144815108902986,
    "ci_lower": 2.241249200191237,
    "ci_upper": 4.546397676228742,
    "p_value": 0.0,
    "win_rate": 0.78,
    "win_rate_ci": [
      0.6475818431054045,
      0.8724621377569771
    ],
    "n_prompts": 50,
    "n_bootstrap": 5000
  },
  "summary": {
    "vanilla": {
      "mean": 43.533249507077436,
      "std": 0.7465721570215933
    },
    "eagle3": {
      "mean": 74.58918286708519,
      "std": 7.149054659583368
    },
    "parallel": {
      "mean": 64.01891123771297,
      "std": 2.378786783373396
    },
    "dahd": {
      "mean": 67.40079611227934,
      "std": 3.6865293783567123
    }
  },
  "data_source": "results/phase4_e2e/e2e_comparison_v2.json"
}