{
  "dahd_vs_eagle3": {
    "mean_diff": 3.5947309261304974,
    "std_diff": 13.82749193748194,
    "ci_lower": -0.02853179295054932,
    "ci_upper": 7.593042947355321,
    "p_value": 0.0258,
    "win_rate": 0.6,
    "win_rate_ci": [
      0.4618118910275937,
      0.7239181021375425
    ],
    "n_prompts": 50,
    "n_bootstrap": 5000
  },
  "dahd_vs_parallel": {
    "mean_diff": 6.562410769198519,
    "std_diff": 5.004742138182399,
    "ci_lower": 5.200488846228924,
    "ci_upper": 7.962014147328322,
    "p_value": 0.0,
    "win_rate": 0.96,
    "win_rate_ci": [
      0.8653966212204534,
      0.9889613473391734
    ],
    "n_prompts": 50,
    "n_bootstrap": 5000
  },
  "summary": {
    "vanilla": {
      "mean": 36.382994868915034,
      "std": 8.803653158977827
    },
    "eagle3": {
      "mean": 63.32370253622962,
      "std": 14.028082783249964
    },
    "parallel": {
      "mean": 60.35602269316161,
      "std": 3.3964485008191265
    },
    "dahd": {
      "mean": 66.91843346236013,
      "std": 4.342929847669589
    }
  },
  "data_source": "results/phase4_e2e/e2e_comparison_v2.json"
}