{
  "vanilla": {
    "mode": "vanilla",
    "total_tokens_generated": 6200,
    "total_steps": 6197,
    "total_target_forwards": 6197,
    "avg_accepted_per_step": 0.0,
    "avg_tokens_per_step": 1.0004841052121995,
    "avg_tokens_per_target_forward": 1.0004841052121995,
    "wall_clock_time_s": 424.58640548586845,
    "tokens_per_second": 14.602445862356644,
    "speedup_vs_vanilla": 1.0,
    "acceptance_rate": 0.0
  },
  "eagle3": {
    "mode": "eagle3",
    "total_tokens_generated": 6336,
    "total_steps": 2140,
    "total_target_forwards": 4280,
    "avg_accepted_per_step": 0.9593457943925233,
    "avg_tokens_per_step": 2.960747663551402,
    "avg_tokens_per_target_forward": 1.480373831775701,
    "wall_clock_time_s": 296.8881975421682,
    "tokens_per_second": 21.34136706158578,
    "speedup_vs_vanilla": 1.4614926336827767,
    "acceptance_rate": 0.19186915887850467
  },
  "parallel": {
    "mode": "parallel",
    "total_tokens_generated": 6378,
    "total_steps": 2927,
    "total_target_forwards": 5854,
    "avg_accepted_per_step": 0.17833959685685002,
    "avg_tokens_per_step": 2.1790228903313973,
    "avg_tokens_per_target_forward": 1.0895114451656986,
    "wall_clock_time_s": 373.90528195910156,
    "tokens_per_second": 17.05779593853835,
    "speedup_vs_vanilla": 1.1681464940412007,
    "acceptance_rate": 0.035667919371370004
  },
  "dahd": {
    "mode": "dahd",
    "total_tokens_generated": 6323,
    "total_steps": 2564,
    "total_target_forwards": 5128,
    "avg_accepted_per_step": 0.46489859594383776,
    "avg_tokens_per_step": 2.46606864274571,
    "avg_tokens_per_target_forward": 1.233034321372855,
    "wall_clock_time_s": 333.694217515178,
    "tokens_per_second": 18.94848537407574,
    "speedup_vs_vanilla": 1.2976240797387693,
    "acceptance_rate": 0.11123553564762971,
    "router_easy_count": 1512,
    "router_hard_count": 1052,
    "router_easy_ratio": 0.5897035881435257,
    "easy_avg_accepted": 0.19510582010582012,
    "hard_avg_accepted": 0.8526615969581749
  }
}